<?xml version="1.0" encoding="UTF-8"?>
<!DOCTYPE hibernate-configuration PUBLIC "-//Hibernate/Hibernate Configuration DTD 3.0//EN" "http://hibernate.sourceforge.net/hibernate-configuration-3.0.dtd">
<hibernate-configuration>
	<session-factory>
		
		<mapping class="com.vforum.model.Employee" />
		<mapping class="com.vforum.model.Answer" />
		<mapping class="com.vforum.model.Question" />
		<mapping class="com.vforum.model.ReportAnswer" />
		<mapping class="com.vforum.model.ReportQuestion" />
<!-- 		<mapping class="com.vforum.model.Contactus" /> -->
	</session-factory>
</hibernate-configuration>